i,mean,min,max,std
1,36.77790729242094,20.267012206034877,86.59961005691954,9.881227814403585
