i,mean,min,max,std
1,67.23808721391065,26.02059039699872,89.79980502845977,11.775453930625856
